Treatment,mean_ht,sd_ht,mean_spad,sd_spad,mean_yield,sd_yield
N0,18.2,0.3000000000000007,32.1,0.29999999999999893,12.5,0.3000000000000007
N1,22.366666666666667,0.5131601439446883,38.53333333333333,0.6027713773341723,16.8,0.3000000000000007
N2,26.633333333333333,0.6658328118479399,43.166666666666664,0.3511884584284263,21.266666666666666,0.35118845842842605
N3,24,0.45825756949558355,40.5,0.7000000000000028,18.566666666666666,0.6506407098647716
